{"inputUnits":[34],"outputUnits":2,"inputs":{"0":{"dtype":"number","min":200.17120781465349,"max":408.685624566924},"1":{"dtype":"number","min":54.54385084483127,"max":170.10546470478496},"2":{"dtype":"number","min":214.7511523508886,"max":419.16632597441793},"3":{"dtype":"number","min":43.56224342628761,"max":156.367185417904},"4":{"dtype":"number","min":188.5994501838907,"max":391.30353544655367},"5":{"dtype":"number","min":40.00129115976553,"max":155.7220470882066},"6":{"dtype":"number","min":237.612853319789,"max":429.42819219816033},"7":{"dtype":"number","min":58.20679127356695,"max":167.88642333032558},"8":{"dtype":"number","min":167.715458860639,"max":362.7032553986964},"9":{"dtype":"number","min":45.61561510112085,"max":167.59423506887333},"10":{"dtype":"number","min":244.02587860880772,"max":429.0160549825627},"11":{"dtype":"number","min":97.65192399945175,"max":223.7659467730606},"12":{"dtype":"number","min":169.45516069497745,"max":342.94593587953443},"13":{"dtype":"number","min":87.76636789184332,"max":226.58701816729865},"14":{"dtype":"number","min":204.490584880985,"max":515.3090972602948},"15":{"dtype":"number","min":76.23197975679216,"max":306.286616929558},"16":{"dtype":"number","min":100.78113191541408,"max":411.89005057946514},"17":{"dtype":"number","min":67.75823344031735,"max":314.4743281730666},"18":{"dtype":"number","min":60.713999489826996,"max":596.6429724144889},"19":{"dtype":"number","min":8.761781093902286,"max":392.9068867644371},"20":{"dtype":"number","min":6.055439434088694,"max":520.7010167291057},"21":{"dtype":"number","min":-1.3976507949085573,"max":387.8077052304154},"22":{"dtype":"number","min":268.9283594796997,"max":392.80487952873716},"23":{"dtype":"number","min":277.81689500715765,"max":355.76130946942004},"24":{"dtype":"number","min":202.29994508025706,"max":310.58921531394674},"25":{"dtype":"number","min":275.9622186433967,"max":356.6339575338084},"26":{"dtype":"number","min":255.44877377634623,"max":401.78618581671464},"27":{"dtype":"number","min":387.7683286313657,"max":467.2227605927525},"28":{"dtype":"number","min":203.75590601394978,"max":312.72773370872926},"29":{"dtype":"number","min":395.70239834850526,"max":468.95870216176286},"30":{"dtype":"number","min":256.80141307689524,"max":395.5627572280854},"31":{"dtype":"number","min":436.42675924022296,"max":561.9376544320328},"32":{"dtype":"number","min":176.64531655711272,"max":324.8140777528402},"33":{"dtype":"number","min":465.4657446431835,"max":561.1865397968255}},"outputs":{"0":{"dtype":"number","min":0,"max":1439},"1":{"dtype":"number","min":2,"max":546}},"isNormalized":true}